-- MySQL Script generated by MySQL Workbench
-- Tue Sep 17 17:28:26 2024
-- Model: New Model    Version: 1.0
-- MySQL Workbench Forward Engineering

SET @OLD_UNIQUE_CHECKS=@@UNIQUE_CHECKS, UNIQUE_CHECKS=0;
SET @OLD_FOREIGN_KEY_CHECKS=@@FOREIGN_KEY_CHECKS, FOREIGN_KEY_CHECKS=0;
SET @OLD_SQL_MODE=@@SQL_MODE, SQL_MODE='ONLY_FULL_GROUP_BY,STRICT_TRANS_TABLES,NO_ZERO_IN_DATE,NO_ZERO_DATE,ERROR_FOR_DIVISION_BY_ZERO,NO_ENGINE_SUBSTITUTION';

-- -----------------------------------------------------
-- Schema mydb
-- -----------------------------------------------------
DROP SCHEMA IF EXISTS `mydb` ;

-- -----------------------------------------------------
-- Schema mydb
-- -----------------------------------------------------
CREATE SCHEMA IF NOT EXISTS `mydb` DEFAULT CHARACTER SET utf8 ;
USE `mydb` ;

-- -----------------------------------------------------
-- Table `mydb`.`Proveedores`
-- -----------------------------------------------------
DROP TABLE IF EXISTS `mydb`.`Proveedores` ;

CREATE TABLE IF NOT EXISTS `mydb`.`Proveedores` (
  `ProveedorID` INT NOT NULL AUTO_INCREMENT,
  `ProveeName` VARCHAR(50) NULL,
  `ContactName` VARCHAR(50) NULL,
  `Dirección` VARCHAR(50) NULL,
  `Ciudad` VARCHAR(20) NULL,
  `CodigoPostal` VARCHAR(10) NULL,
  `País` VARCHAR(15) NULL,
  `Telefono` VARCHAR(255) NULL,
  PRIMARY KEY (`ProveedorID`))
ENGINE = InnoDB;


-- -----------------------------------------------------
-- Table `mydb`.`Categorias`
-- -----------------------------------------------------
DROP TABLE IF EXISTS `mydb`.`Categorias` ;

CREATE TABLE IF NOT EXISTS `mydb`.`Categorias` (
  `CategoriaID` INT NOT NULL AUTO_INCREMENT,
  `CategoriaName` VARCHAR(50) NULL,
  `Descripcion` VARCHAR(50) NULL,
  PRIMARY KEY (`CategoriaID`))
ENGINE = InnoDB;


-- -----------------------------------------------------
-- Table `mydb`.`Productos`
-- -----------------------------------------------------
DROP TABLE IF EXISTS `mydb`.`Productos` ;

CREATE TABLE IF NOT EXISTS `mydb`.`Productos` (
  `ProductoID` INT NOT NULL AUTO_INCREMENT,
  `ProductoName` VARCHAR(50) NULL,
  `ProveedoresID` INT NULL,
  `CategoriaID` INT NULL,
  `Unidad` VARCHAR(25) NULL,
  `Precio` DECIMAL NULL,
  PRIMARY KEY (`ProductoID`),
  INDEX `CategoriaID_idx` (`CategoriaID` ASC) VISIBLE,
  INDEX `ProveedoresID_idx` (`ProveedoresID` ASC) VISIBLE,
  CONSTRAINT `CategoriaID`
    FOREIGN KEY (`CategoriaID`)
    REFERENCES `mydb`.`Categorias` (`CategoriaID`)
    ON DELETE NO ACTION
    ON UPDATE NO ACTION,
  CONSTRAINT `ProveedoresID`
    FOREIGN KEY (`ProveedoresID`)
    REFERENCES `mydb`.`Proveedores` (`ProveedorID`)
    ON DELETE NO ACTION
    ON UPDATE NO ACTION)
ENGINE = InnoDB;


-- -----------------------------------------------------
-- Table `mydb`.`Empleados`
-- -----------------------------------------------------
DROP TABLE IF EXISTS `mydb`.`Empleados` ;

CREATE TABLE IF NOT EXISTS `mydb`.`Empleados` (
  `EmpleadoID` INT NOT NULL AUTO_INCREMENT,
  `Apellido` VARCHAR(15) NULL,
  `Nombre` VARCHAR(15) NULL,
  `fechaNacimiento` DATE NULL,
  `Notas` VARCHAR(255) NULL,
  PRIMARY KEY (`EmpleadoID`))
ENGINE = InnoDB;


-- -----------------------------------------------------
-- Table `mydb`.`Clientes`
-- -----------------------------------------------------
DROP TABLE IF EXISTS `mydb`.`Clientes` ;

CREATE TABLE IF NOT EXISTS `mydb`.`Clientes` (
  `ClienteID` INT NOT NULL AUTO_INCREMENT,
  `ClienteName` VARCHAR(50) NULL,
  `Celular` VARCHAR(50) NULL,
  `Dirección` VARCHAR(50) NULL,
  `Ciudad` VARCHAR(20) NULL,
  `Email` VARCHAR(50) NULL,
  `Pais` VARCHAR(15) NULL,
  PRIMARY KEY (`ClienteID`))
ENGINE = InnoDB;


-- -----------------------------------------------------
-- Table `mydb`.`Transportistas`
-- -----------------------------------------------------
DROP TABLE IF EXISTS `mydb`.`Transportistas` ;

CREATE TABLE IF NOT EXISTS `mydb`.`Transportistas` (
  `TransportistaID` INT NOT NULL AUTO_INCREMENT,
  `TransportistaName` VARCHAR(25) NULL,
  `Telefono` VARCHAR(15) NULL,
  PRIMARY KEY (`TransportistaID`))
ENGINE = InnoDB;


-- -----------------------------------------------------
-- Table `mydb`.`Pedidos`
-- -----------------------------------------------------
DROP TABLE IF EXISTS `mydb`.`Pedidos` ;

CREATE TABLE IF NOT EXISTS `mydb`.`Pedidos` (
  `PedidoID` INT NOT NULL AUTO_INCREMENT,
  `ClienteID` INT NULL,
  `EmpleadoID` INT NULL,
  `Fecha_Pedido` DATETIME NULL,
  `Transportista` INT NULL,
  PRIMARY KEY (`PedidoID`),
  INDEX `EmpleadosID_idx` (`EmpleadoID` ASC) VISIBLE,
  INDEX `ClientesID_idx` (`ClienteID` ASC) VISIBLE,
  INDEX `Transportistas_idx` (`Transportista` ASC) VISIBLE,
  CONSTRAINT `EmpleadoID`
    FOREIGN KEY (`EmpleadoID`)
    REFERENCES `mydb`.`Empleados` (`EmpleadoID`)
    ON DELETE NO ACTION
    ON UPDATE NO ACTION,
  CONSTRAINT `ClienteID`
    FOREIGN KEY (`ClienteID`)
    REFERENCES `mydb`.`Clientes` (`ClienteID`)
    ON DELETE NO ACTION
    ON UPDATE NO ACTION,
  CONSTRAINT `TransportistaID`
    FOREIGN KEY (`Transportista`)
    REFERENCES `mydb`.`Transportistas` (`TransportistaID`)
    ON DELETE NO ACTION
    ON UPDATE NO ACTION)
ENGINE = InnoDB;


-- -----------------------------------------------------
-- Table `mydb`.`Detalle_Pedidos`
-- -----------------------------------------------------
DROP TABLE IF EXISTS `mydb`.`Detalle_Pedidos` ;

CREATE TABLE IF NOT EXISTS `mydb`.`Detalle_Pedidos` (
  `Detalle_PedidoID` INT NOT NULL,
  `PedidoID` INT NULL,
  `ProductoID` INT NULL,
  `Cantidad` INT NULL,
  PRIMARY KEY (`Detalle_PedidoID`),
  INDEX `PedidoID_idx` (`PedidoID` ASC) VISIBLE,
  INDEX `ProductosID_idx` (`ProductoID` ASC) VISIBLE,
  CONSTRAINT `PedidoID`
    FOREIGN KEY (`PedidoID`)
    REFERENCES `mydb`.`Pedidos` (`PedidoID`)
    ON DELETE NO ACTION
    ON UPDATE NO ACTION,
  CONSTRAINT `ProductoID`
    FOREIGN KEY (`ProductoID`)
    REFERENCES `mydb`.`Productos` (`ProductoID`)
    ON DELETE NO ACTION
    ON UPDATE NO ACTION)
ENGINE = InnoDB;


SET SQL_MODE=@OLD_SQL_MODE;
SET FOREIGN_KEY_CHECKS=@OLD_FOREIGN_KEY_CHECKS;
SET UNIQUE_CHECKS=@OLD_UNIQUE_CHECKS;

-- categorias
INSERT INTO Categorias VALUES(1,' Cervezas Lager ','graduación relativamente baja');    

INSERT INTO Categorias VALUES(2,' Cervezas Ale','contenido alcohólico elevado');    

INSERT INTO Categorias VALUES(3,'Cervezas de trigo ','claras de color y de baja graduación.');    

INSERT INTO Categorias VALUES(4,' Pale Ale ','pequeñas proporciones de malta tostada');    

INSERT INTO Categorias VALUES(5,'Dark Ales','tenía que haber ales oscuras');    

INSERT INTO Categorias VALUES(6,' Cervezas Stout','maltas tostadas y caramelizadas.');    

INSERT INTO Categorias VALUES(7,' Cervezas Porter','menos oscuras y potentes.');    

INSERT INTO Categorias VALUES(8,'Cervezas Belgas','fondo dulce  dan las maltas ámbar y crystal.');    

INSERT INTO Categorias VALUES(9,' Cervezas Calafate','un aroma intensoopiedades antioxidantes'); 

-- clientes
INSERT INTO Clientes VALUES(1,'Alfredo Jaque ','976397053','Obere Str. 57','Berlin',' AlfredoJC@hotmail.com ','Germany');  

INSERT INTO Clientes VALUES(2,'Ana Trujillo ','976376053','Avda. de la Constitución 2222','México D.F.',' Ana33@hotmail.com ','Mexico');  

INSERT INTO Clientes VALUES(3,'Antonio Moreno ','975576053','Mataderos 2312','México D.F.',' Antonio986@hotmail.com ','Mexico');  

INSERT INTO Clientes VALUES(4,'Around the Horn', '975579953','120 Hanover Sq.','London', 'Aroundkk6@hotmail.com ','UK');  

INSERT INTO Clientes VALUES(5,'Christina Berglund','976397053','Berguvsvägen 8','Luleå',' Antluleaa6@hotmail.com ','Sweden');  

INSERT INTO Clientes VALUES(6,'Rosario Lopez ','976229053','Obere Str. 57','Berlin',' rosaro@hotmail.com ','Germany');  

INSERT INTO Clientes VALUES(7,'Lux rosa','976376053','Avda. de la Constitución 2222','México D.F.',' lux90@hotmail.com ','Mexico');  

INSERT INTO Clientes VALUES(8,'Mario Moreno ','975576053','Mataderos 2312','México D.F.',' mariomoreno6@hotmail.com ','Mexico');  

INSERT INTO Clientes VALUES(9,'Cristian soto', '975579953','120 Hanover Sq.','London', 'soto765@hotmail.com ','UK');  

INSERT INTO Clientes VALUES(10,'Celeste Berglund','976397053','Berguvsvägen 8','Luleå',' celestea6@hotmail.com ','Sweden'); 

-- Empleados

INSERT INTO Empleados VALUES(1,'Suyama','Michael','1993-07-02','Michael es licenciado en Economía por la Universidad de Sussex y en Marketing l.');   

INSERT INTO Empleados VALUES(2,'King','Robert','1996-05-29','Robert King sirvió en el Cuerpo de Paz y viajó mucho.');   

INSERT INTO Empleados VALUES(3,'Callahan','Laura','1998-01-09','Laura recibió una licenciatura en psicología de la Universidad de Washington. También completó un curso de francés comercial. Lee y escribe en francés.');   

INSERT INTO Empleados VALUES(4,'Dodsworth','Anne','2000-07-02','Anne tiene una licenciatura en inglés del St. Lawrence College. Habla francés y alemán con fluidez.');   

INSERT INTO Empleados VALUES(5,'West','Adam','2001-09-19','Un viejo amigo.');   

INSERT INTO Empleados VALUES(6,'Leverling','Janet','1984-08-30','Janet tiene una licenciatura en química del Boston College). También ha completado un programa de certificación en gestión de venta minorista de alimentos. Janet fue contratada como asociada de ventas y fue ascendida a representante de ventas.');   

INSERT INTO Empleados VALUES(7,'Peacock','Margaret','1978-09-19','Margaret tiene una licenciatura en literatura inglesa del Concordia College y una maestría del American Institute of Culinary Arts. Fue asignada temporalmente a la oficina de Londres antes de regresar a su puesto permanente en Seattle.');   

INSERT INTO Empleados VALUES(8,'Buchanan','Steven','1990-03-04','Steven Buchanan se graduó en la Universidad de St. Andrews, Escocia, con una licenciatura en Ciencias. Habla francés con fluidez.');   

-- transportista
INSERT INTO transportistas VALUES(1, 'Speedy Express', '(503) 555-9831');  

INSERT INTO transportistas VALUES(2, 'United Package', '(503) 555-3199');  

INSERT INTO transportistas VALUES(3, 'Federal Shipping', '(503) 555-9931'); 

-- proveedores

INSERT INTO Proveedores VALUES (1,'Exotic Liquid','Charlotte Cooper','49 Gilbert St.','Londres','EC1 4SD','Reino Unido','(171) 555-2222'); 

INSERT INTO Proveedores VALUES (2,'New Orleans Cajun Delights','Shelley Burke','P.O. Box 78934','Nueva Orleans','70117','EE. UU.','(100) 555-4822'); 

INSERT INTO Proveedores VALUES (3,'Grandma Kelly''s Homestead','Regina Murphy','707 Oxford Rd.','Ann Arbor','48104','EE. UU.','(313) 555-5735'); 

INSERT INTO Proveedores VALUES(4,'Tokyo Traders','Yoshi Nagase','9-8 Sekimai Musashino-shi','Tokyo','100','Japan','(03) 3555-5011'); 

INSERT INTO Proveedores VALUES(5,'Cooperativa de Quesos ''Las Cabras''','Antonio del Valle Saavedra','Calle del Rosal 4','Oviedo','33007','Spain','(98) 598 76 54'); 

INSERT INTO Proveedores VALUES(6,'Mayumi''s','Mayumi Ohno','92 Setsuko Chuo-ku','Osaka','545','Japón','(06) 431-7877'); 

INSERT INTO Proveedores VALUES (7,'Pavlova, Ltd.','Ian Devling','74 Rose St. Moonie Ponds','Melbourne','3058','Australia','(03) 444-2343'); 

INSERT INTO Proveedores VALUES(8,'Specialty Biscuits, Ltd.','Peter Wilson','29 King''s Way','Manchester','M14 GSD','Reino Unido','(161) 555-4448'); 

INSERT INTO  Proveedores VALUES(9,'PB Knäckebröd AB','Lars Peterson','Kaloadagatan 13','Gotemburgo','S-345 67','Suecia','031-987 65 43'); 

INSERT INTO Proveedores VALUES(10,'Refrescos Americanas LTDA','Carlos Diaz','Av. das Americanas 12.890','São Paulo','5442','Brasil','(11) 555 4640'); 

-- productos
INSERT INTO Productos VALUES(1,' Kunstman ',1,1,'1 pack x 6 latas',18.00);  
  
INSERT INTO Productos VALUES(2,'Austral',1,1,'24 latas de 330 ml',19.00);   
  
INSERT INTO Productos VALUES(3,'Cerveza Dolbek ',1,2,'12 latas de 550 ml',10.00);  
  
INSERT INTO Productos VALUES(4,' Cerveza Golden Ale Kross',2,2,'48 latas de 330 ml',22.00);  
  
INSERT INTO Productos VALUES(5,' CERVEZA MESTRA AMERICAN  ',2,2,'pack 24x de 330cc',21.35);  
  
INSERT INTO Productos VALUES(6,' CERVEZA MESTRA AMBER ALE ',3,2,'12 latas de 330ml',25.00);   
  
INSERT INTO Productos VALUES(7,' Cerveza La Montaña American Porter',3,7,'4 x 6.0° G.L. 330cc ',30.00);   
  
INSERT INTO Productos VALUES(8,' cervezas Alemanas Reeper B. Weissbier',3,3,'24 botellín de 500cc',40.00);   
INSERT INTO Productos VALUES(9,' Cerveza Loa Momentum Stout ',4,6,'18 botellín de 500cc',97.00);  
  
INSERT INTO Productos VALUES(10,'Dolbeck  ',4,8,'12 botellín de 550cc',31.00);  
  
INSERT INTO Productos VALUES(11,' CERVEZA MESTRA AMERICAN PALE ALE   
  
',3,4,'4 x 6.0° G.L. 330cc ',30.00);   
  
INSERT INTO Productos VALUES(12,' Austral Yagán',3,5,'24 botellín de 500cc',40.00);   
  
INSERT INTO Productos VALUES(13,' Guayacán stout ',4,6,'18 botellín de 500cc',97.00);  
  
INSERT INTO Productos VALUES(14,' Cerveza Del Puerto',4,7,'24 botellín de 550cc',31.00);  
INSERT INTO Productos VALUES(15,' Austral ',4,9,'18 botellín de 500cc',97.00);  
  
INSERT INTO Productos VALUES(16,' Cerveza Del Puerto',4,7,'24 botellín de 550cc',31.00);  
  
INSERT INTO Productos VALUES(17,' Austral',4,5,'24 botellín de 500cc',97.00);  
  
INSERT INTO Productos VALUES(18,' Kunstman ',4,3,'24 botellín de 550cc',31.00); 

-- pedidos 
INSERT INTO Pedidos VALUES(10248,9,5,'2024-07-04',3);  

INSERT INTO Pedidos VALUES(10249,8,6,'2024-07-05',1);  

INSERT INTO Pedidos VALUES(10250,3,4,'2024-07-08',2);  

INSERT INTO Pedidos VALUES(10251,4,3,'2024-07-08',1);  

INSERT INTO Pedidos VALUES(10252,6,4,'2024-07-09',2);  

INSERT INTO Pedidos VALUES(10253,4,3,'2024-07-10',2);  

INSERT INTO Pedidos VALUES(10254,1,5,'2024-07-11',2);  

INSERT INTO Pedidos VALUES(10255,6,1,'2024-07-12',3);  

INSERT INTO Pedidos VALUES(10256,8,3,'2024-07-15',2);  

INSERT INTO Pedidos VALUES(10257,3,4,'2024-07-16',3);  

INSERT INTO Pedidos VALUES(10258,10,1,'2024-07-17',1);  

INSERT INTO Pedidos VALUES(10259,1,4,'2024-07-18',3);  

INSERT INTO Pedidos VALUES(10260,5,4,'2024-07-19',1);  

INSERT INTO Pedidos VALUES(10261,6,4,'2024-07-19',2);  

INSERT INTO Pedidos VALUES(10262,5,8,'2024-07-22',3);  

INSERT INTO Pedidos VALUES(10263,2,7,'2024-07-23',3);  

INSERT INTO Pedidos VALUES(10264,10,6,'2024-07-24',3);  

INSERT INTO Pedidos VALUES(10265,7,2,'2024-07-25',1);  

INSERT INTO Pedidos VALUES(10266,10,3,'2024-07-26',3);  

INSERT INTO Pedidos VALUES(10267,5,4,'2024-07-29',1);  

INSERT INTO Pedidos VALUES(10268,3,8,'2024-07-30',3);  

INSERT INTO Pedidos VALUES(10269,9,5,'2024-07-31',1);  

INSERT INTO Pedidos VALUES(10270,7,1,'2024-08-01',1);  

INSERT INTO Pedidos VALUES(10271,5,6,'2024-08-01',2);  

INSERT INTO Pedidos VALUES(10272,5,6,'2024-08-02',2);  

INSERT INTO Pedidos VALUES(10273,3,3,'2024-08-05',3);  

INSERT INTO Pedidos VALUES(10274,5,6,'2024-08-06',1);  

INSERT INTO Pedidos VALUES(10275,9,1,'2024-08-07',1);  

INSERT INTO Pedidos VALUES(10276,8,8,'2024-08-08',3);  

INSERT INTO Pedidos VALUES(10277,2,2,'2024-08-09',3);  

INSERT INTO Pedidos VALUES(10278,5,8,'2024-08-12',2);  

INSERT INTO Pedidos VALUES(10279,4,8,'2024-08-13',2); 

-- detalle de pedidos 
INSERT INTO Detalle_Pedidos VALUES(1,10248,11,12);  

INSERT INTO Detalle_Pedidos VALUES(2,10248,4,10);  

INSERT INTO Detalle_Pedidos VALUES(3,10248,7,5);  

INSERT INTO Detalle_Pedidos VALUES(4,10249,1,9);  

INSERT INTO Detalle_Pedidos VALUES(5,10249,5,40);  

INSERT INTO Detalle_Pedidos VALUES(6,10250,4,10);  

INSERT INTO Detalle_Pedidos VALUES(7,10250,1,35);  

INSERT INTO Detalle_Pedidos VALUES(8,10250,5,15);  

INSERT INTO Detalle_Pedidos VALUES(9,10251,2,6);  

INSERT INTO Detalle_Pedidos VALUES(10,10251,7,15);  

INSERT INTO Detalle_Pedidos VALUES(11,10251,5,20);  

INSERT INTO Detalle_Pedidos VALUES(12,10252,2,40);  

INSERT INTO Detalle_Pedidos  VALUES(13,10252,3,25);  

INSERT INTO Detalle_Pedidos VALUES(14,10252,6,40);  

INSERT INTO Detalle_Pedidos VALUES(15,10253,11,20);  

INSERT INTO Detalle_Pedidos VALUES(17,10253,9,10);  

INSERT INTO Detalle_Pedidos VALUES(18,10254,14,15);  

INSERT INTO Detalle_Pedidos VALUES(19,10254,15,21);  

INSERT INTO Detalle_Pedidos VALUES(20,10254,14,21);  

INSERT INTO Detalle_Pedidos VALUES(21,10255,12,20);  

INSERT INTO Detalle_Pedidos VALUES(22,10255,16,35);  

INSERT INTO Detalle_Pedidos VALUES(23,10255,16,25);  

INSERT INTO Detalle_Pedidos VALUES(24,10255,9,30);  

INSERT INTO Detalle_Pedidos VALUES(25,10256,13,15);  

INSERT INTO Detalle_Pedidos VALUES(26,10256,10,12);  

INSERT INTO Detalle_Pedidos VALUES(27,10257,17,25);  

INSERT INTO Detalle_Pedidos VALUES(28,10257,9,6);  

INSERT INTO Detalle_Pedidos VALUES(29,10257,14,15);  

INSERT INTO Detalle_Pedidos VALUES(30,10258,6,50);  

INSERT INTO Detalle_Pedidos VALUES(31,10258,15,65);  

INSERT INTO Detalle_Pedidos VALUES(32,10258,13,6) 
